,antecedents,consequents,antecedent support,consequent support,support,confidence,lift,representativity,leverage,conviction,zhangs_metric,jaccard,certainty,kulczynski
47,"frozenset({'KEGS', 'LIQUOR'})","frozenset({'BEER', 'NON-ALCOHOL'})",0.02178649237472767,0.023965141612200435,0.010893246187363835,0.5,20.863636363636363,1.0,0.010371129812370362,1.9520697167755992,0.9732739420935412,0.3125,0.4877232142857143,0.4772727272727273
44,"frozenset({'BEER', 'NON-ALCOHOL'})","frozenset({'KEGS', 'LIQUOR'})",0.023965141612200435,0.02178649237472767,0.010893246187363835,0.4545454545454546,20.863636363636363,1.0,0.010371129812370362,1.7933914306463328,0.9754464285714286,0.3125,0.4423972464061551,0.4772727272727273
55,"frozenset({'BEER', 'LIQUOR'})","frozenset({'KEGS', 'WINE'})",0.06100217864923747,0.0196078431372549,0.015250544662309368,0.25,12.75,1.0,0.01405442351232432,1.3071895424836601,0.9814385150812065,0.2333333333333333,0.23500000000000001,0.5138888888888888
58,"frozenset({'KEGS', 'WINE'})","frozenset({'BEER', 'LIQUOR'})",0.0196078431372549,0.06100217864923747,0.015250544662309368,0.7777777777777778,12.75,1.0,0.01405442351232432,4.2254901960784315,0.9400000000000001,0.2333333333333333,0.7633410672853829,0.5138888888888888
66,"frozenset({'BEER', 'LIQUOR'})","frozenset({'NON-ALCOHOL', 'WINE'})",0.06100217864923747,0.023965141612200435,0.015250544662309368,0.25,10.431818181818182,1.0,0.013788618812327642,1.3013798111837327,0.962877030162413,0.21874999999999997,0.23158482142857142,0.4431818181818182
69,"frozenset({'NON-ALCOHOL', 'WINE'})","frozenset({'BEER', 'LIQUOR'})",0.023965141612200435,0.06100217864923747,0.015250544662309368,0.6363636363636364,10.431818181818182,1.0,0.013788618812327642,2.582244008714597,0.9263392857142857,0.21874999999999997,0.6127399282851719,0.4431818181818182
46,"frozenset({'NON-ALCOHOL', 'KEGS'})","frozenset({'BEER', 'LIQUOR'})",0.017429193899782137,0.06100217864923747,0.010893246187363835,0.625,10.245535714285714,1.0,0.009830027387377125,2.5039941902687,0.9184035476718403,0.16129032258064518,0.6006380510440835,0.4017857142857143
45,"frozenset({'BEER', 'LIQUOR'})","frozenset({'NON-ALCOHOL', 'KEGS'})",0.06100217864923747,0.017429193899782137,0.010893246187363835,0.17857142857142858,10.245535714285714,1.0,0.009830027387377125,1.1961731552524393,0.9610208816705336,0.16129032258064518,0.16400063351282862,0.4017857142857143
56,"frozenset({'BEER', 'WINE'})","frozenset({'KEGS', 'LIQUOR'})",0.0718954248366013,0.02178649237472767,0.015250544662309368,0.21212121212121213,9.736363636363636,1.0,0.013684195537328948,1.2415786827551534,0.9668008048289738,0.19444444444444445,0.19457380036444624,0.45606060606060606
57,"frozenset({'KEGS', 'LIQUOR'})","frozenset({'BEER', 'WINE'})",0.02178649237472767,0.0718954248366013,0.015250544662309368,0.7,9.736363636363636,1.0,0.013684195537328948,3.093681917211329,0.9172764874323894,0.19444444444444445,0.6767605633802817,0.45606060606060606
51,frozenset({'NON-ALCOHOL'}),"frozenset({'BEER', 'KEGS', 'LIQUOR'})",0.05337690631808279,0.02178649237472767,0.010893246187363835,0.20408163265306123,9.36734693877551,1.0,0.009730350624878372,1.2290374839394447,0.9436133486766399,0.1694915254237288,0.1863551656742875,0.3520408163265306
32,frozenset({'NON-ALCOHOL'}),"frozenset({'KEGS', 'LIQUOR'})",0.05337690631808279,0.02178649237472767,0.010893246187363835,0.20408163265306123,9.36734693877551,1.0,0.009730350624878372,1.2290374839394447,0.9436133486766399,0.1694915254237288,0.1863551656742875,0.3520408163265306
40,"frozenset({'BEER', 'KEGS', 'LIQUOR'})",frozenset({'NON-ALCOHOL'}),0.02178649237472767,0.05337690631808279,0.010893246187363835,0.5,9.36734693877551,1.0,0.009730350624878372,1.8932461873638344,0.9131403118040089,0.1694915254237288,0.4718066743383199,0.3520408163265306
31,"frozenset({'KEGS', 'LIQUOR'})",frozenset({'NON-ALCOHOL'}),0.02178649237472767,0.05337690631808279,0.010893246187363835,0.5,9.36734693877551,1.0,0.009730350624878372,1.8932461873638344,0.9131403118040089,0.1694915254237288,0.4718066743383199,0.3520408163265306
68,"frozenset({'NON-ALCOHOL', 'LIQUOR'})","frozenset({'BEER', 'WINE'})",0.03159041394335512,0.0718954248366013,0.015250544662309368,0.48275862068965514,6.714733542319749,1.0,0.01297933843108776,1.7943355119825708,0.8788365739996787,0.1728395061728395,0.44269062651772706,0.34743991640543365
67,"frozenset({'BEER', 'WINE'})","frozenset({'NON-ALCOHOL', 'LIQUOR'})",0.0718954248366013,0.03159041394335512,0.015250544662309368,0.21212121212121213,6.714733542319749,1.0,0.01297933843108776,1.2291352438411263,0.9170020120724346,0.1728395061728395,0.18641987933326518,0.34743991640543365
19,"frozenset({'BEER', 'LIQUOR'})",frozenset({'NON-ALCOHOL'}),0.06100217864923747,0.05337690631808279,0.017429193899782137,0.28571428571428575,5.352769679300292,1.0,0.014173086324822838,1.3252723311546843,0.8660092807424594,0.1797752808988764,0.24543810619759993,0.30612244897959184
22,frozenset({'NON-ALCOHOL'}),"frozenset({'BEER', 'LIQUOR'})",0.05337690631808279,0.06100217864923747,0.017429193899782137,0.326530612244898,5.352769679300292,1.0,0.014173086324822838,1.394269492308708,0.8590333716915995,0.1797752808988764,0.28277854065059904,0.30612244897959184
63,"frozenset({'BEER', 'LIQUOR', 'WINE'})",frozenset({'NON-ALCOHOL'}),0.05337690631808279,0.05337690631808279,0.015250544662309368,0.2857142857142857,5.352769679300291,1.0,0.012401450534219982,1.3252723311546841,0.8590333716915995,0.16666666666666666,0.24543810619759984,0.2857142857142857
72,frozenset({'NON-ALCOHOL'}),"frozenset({'BEER', 'LIQUOR', 'WINE'})",0.05337690631808279,0.05337690631808279,0.015250544662309368,0.2857142857142857,5.352769679300291,1.0,0.012401450534219982,1.3252723311546841,0.8590333716915995,0.16666666666666666,0.24543810619759984,0.2857142857142857
9,"frozenset({'BEER', 'NON-ALCOHOL'})",frozenset({'KEGS'}),0.023965141612200435,0.13616557734204793,0.017429193899782137,0.7272727272727274,5.34109090909091,1.0,0.014165966556072928,3.167392883079159,0.8327287946428572,0.12213740458015271,0.6842829301845696,0.4276363636363637
12,frozenset({'KEGS'}),"frozenset({'BEER', 'NON-ALCOHOL'})",0.13616557734204793,0.023965141612200435,0.017429193899782137,0.128,5.3410909090909096,1.0,0.014165966556072928,1.119306030261238,0.9408890290037832,0.12213740458015271,0.10658928571428572,0.4276363636363637
41,"frozenset({'BEER', 'NON-ALCOHOL', 'LIQUOR'})",frozenset({'KEGS'}),0.017429193899782137,0.13616557734204793,0.010893246187363835,0.625,4.59,1.0,0.0085199899373935,2.3035584604212054,0.7960088691796008,0.07633587786259542,0.5658890290037831,0.3525
50,frozenset({'KEGS'}),"frozenset({'BEER', 'NON-ALCOHOL', 'LIQUOR'})",0.13616557734204793,0.017429193899782137,0.010893246187363835,0.08,4.59,1.0,0.0085199899373935,1.0680117457611062,0.905422446406053,0.07633587786259542,0.06368070953436808,0.3525
29,frozenset({'NON-ALCOHOL'}),"frozenset({'BEER', 'WINE'})",0.05337690631808279,0.0718954248366013,0.015250544662309368,0.2857142857142857,3.9740259740259742,1.0,0.011412989306107338,1.2993464052287582,0.7905638665132335,0.13861386138613863,0.23038229376257544,0.24891774891774893
26,"frozenset({'BEER', 'WINE'})",frozenset({'NON-ALCOHOL'}),0.0718954248366013,0.05337690631808279,0.015250544662309368,0.21212121212121213,3.974025974025974,1.0,0.011412989306107338,1.2014831573655103,0.806338028169014,0.13861386138613863,0.16769536562401927,0.24891774891774893
10,"frozenset({'NON-ALCOHOL', 'KEGS'})",frozenset({'BEER'}),0.017429193899782137,0.2570806100217865,0.017429193899782137,1.0,3.889830508474576,1.0,0.012948486099838145,inf,0.7560975609756098,0.06779661016949153,1.0,0.5338983050847458
15,"frozenset({'KEGS', 'WINE'})",frozenset({'BEER'}),0.0196078431372549,0.2570806100217865,0.0196078431372549,1.0,3.889830508474576,1.0,0.014567046862317912,inf,0.7577777777777778,0.07627118644067796,1.0,0.538135593220339
5,"frozenset({'KEGS', 'LIQUOR'})",frozenset({'BEER'}),0.02178649237472767,0.2570806100217865,0.02178649237472767,1.0,3.889830508474576,1.0,0.01618560762479768,inf,0.7594654788418708,0.0847457627118644,1.0,0.5423728813559322
42,"frozenset({'NON-ALCOHOL', 'KEGS', 'LIQUOR'})",frozenset({'BEER'}),0.010893246187363835,0.2570806100217865,0.010893246187363835,1.0,3.889830508474576,1.0,0.00809280381239884,inf,0.751101321585903,0.0423728813559322,1.0,0.521186440677966
54,"frozenset({'KEGS', 'LIQUOR', 'WINE'})",frozenset({'BEER'}),0.015250544662309368,0.2570806100217865,0.015250544662309368,1.0,3.889830508474576,1.0,0.011329925337358375,inf,0.754424778761062,0.05932203389830508,1.0,0.5296610169491526
49,frozenset({'BEER'}),"frozenset({'NON-ALCOHOL', 'KEGS', 'LIQUOR'})",0.2570806100217865,0.010893246187363835,0.010893246187363835,0.0423728813559322,3.8898305084745757,1.0,0.00809280381239884,1.032872539379567,1.0,0.0423728813559322,0.03182632718584335,0.521186440677966
59,frozenset({'BEER'}),"frozenset({'KEGS', 'LIQUOR', 'WINE'})",0.2570806100217865,0.015250544662309368,0.015250544662309368,0.05932203389830508,3.8898305084745757,1.0,0.011329925337358375,1.0468507723409683,0.9999999999999999,0.05932203389830508,0.044754012299385026,0.5296610169491526
16,frozenset({'BEER'}),"frozenset({'KEGS', 'WINE'})",0.2570806100217865,0.0196078431372549,0.0196078431372549,0.07627118644067796,3.8898305084745757,1.0,0.014567046862317912,1.0613419679798524,1.0,0.07627118644067796,0.057796610169491516,0.538135593220339
11,frozenset({'BEER'}),"frozenset({'NON-ALCOHOL', 'KEGS'})",0.2570806100217865,0.017429193899782137,0.017429193899782137,0.06779661016949153,3.8898305084745757,1.0,0.012948486099838145,1.0540305010893247,1.0,0.06779661016949153,0.051260851591566764,0.5338983050847458
6,frozenset({'BEER'}),"frozenset({'KEGS', 'LIQUOR'})",0.2570806100217865,0.02178649237472767,0.02178649237472767,0.0847457627118644,3.8898305084745757,1.0,0.01618560762479768,1.0687888324053902,1.0,0.0847457627118644,0.06436148125778565,0.5423728813559322
70,"frozenset({'LIQUOR', 'WINE'})","frozenset({'BEER', 'NON-ALCOHOL'})",0.16666666666666666,0.023965141612200435,0.015250544662309368,0.09150326797385622,3.818181818181819,1.0,0.011256354393609296,1.0743405275779376,0.8857142857142857,0.08695652173913045,0.06919642857142858,0.3639334521687463
65,"frozenset({'BEER', 'NON-ALCOHOL'})","frozenset({'LIQUOR', 'WINE'})",0.023965141612200435,0.16666666666666666,0.015250544662309368,0.6363636363636364,3.8181818181818183,1.0,0.011256354393609296,2.2916666666666665,0.756218112244898,0.08695652173913045,0.5636363636363636,0.3639334521687463
1,frozenset({'KEGS'}),frozenset({'BEER'}),0.13616557734204793,0.2570806100217865,0.13071895424836602,0.9600000000000001,3.7342372881355934,1.0,0.09571342456130358,18.572984749455372,0.8476250525430853,0.49792531120331945,0.9461583577712611,0.7342372881355932
0,frozenset({'BEER'}),frozenset({'KEGS'}),0.2570806100217865,0.13616557734204793,0.13071895424836602,0.5084745762711864,3.734237288135593,1.0,0.09571342456130358,1.757456239200661,0.9855816226783968,0.49792531120331945,0.43099578942868744,0.7342372881355932
62,"frozenset({'BEER', 'NON-ALCOHOL', 'WINE'})",frozenset({'LIQUOR'}),0.015250544662309368,0.3159041394335512,0.015250544662309368,1.0,3.1655172413793102,1.0,0.01043283447486959,inf,0.6946902654867257,0.04827586206896552,1.0,0.5241379310344828
73,frozenset({'LIQUOR'}),"frozenset({'BEER', 'NON-ALCOHOL', 'WINE'})",0.3159041394335512,0.015250544662309368,0.015250544662309368,0.04827586206896552,3.1655172413793102,1.0,0.01043283447486959,1.034700514666414,1.0,0.04827586206896552,0.033536771437290204,0.5241379310344828
39,frozenset({'LIQUOR'}),"frozenset({'NON-ALCOHOL', 'WINE'})",0.3159041394335512,0.023965141612200435,0.02287581699346405,0.07241379310344827,3.021630094043887,1.0,0.015305129556058684,1.0522308882247653,0.978010312405217,0.07216494845360823,0.04963823891625615,0.5134796238244513
36,"frozenset({'NON-ALCOHOL', 'WINE'})",frozenset({'LIQUOR'}),0.023965141612200435,0.3159041394335512,0.02287581699346405,0.9545454545454545,3.0216300940438865,1.0,0.015305129556058684,15.05010893246185,0.6854804421768708,0.07216494845360823,0.9335552982049796,0.5134796238244513
43,"frozenset({'BEER', 'KEGS'})","frozenset({'NON-ALCOHOL', 'LIQUOR'})",0.13071895424836602,0.03159041394335512,0.010893246187363835,0.08333333333333333,2.6379310344827585,1.0,0.006763780312415453,1.0564468211527036,0.7142857142857143,0.07194244604316546,0.053430821147356575,0.21408045977011494
48,"frozenset({'NON-ALCOHOL', 'LIQUOR'})","frozenset({'BEER', 'KEGS'})",0.03159041394335512,0.13071895424836602,0.010893246187363835,0.3448275862068966,2.6379310344827585,1.0,0.006763780312415453,1.3267973856209152,0.6411698537682791,0.07194244604316546,0.24630541871921183,0.21408045977011494
4,"frozenset({'BEER', 'LIQUOR'})",frozenset({'KEGS'}),0.06100217864923747,0.13616557734204793,0.02178649237472767,0.35714285714285715,2.6228571428571428,1.0,0.0134800954998315,1.3437424352457032,0.6589327146171694,0.12422360248447208,0.2558097640064853,0.25857142857142856
7,frozenset({'KEGS'}),"frozenset({'BEER', 'LIQUOR'})",0.13616557734204793,0.06100217864923747,0.02178649237472767,0.16,2.6228571428571428,1.0,0.0134800954998315,1.1178545492270981,0.7162673392181589,0.12422360248447208,0.10542923433874711,0.25857142857142856
64,"frozenset({'NON-ALCOHOL', 'LIQUOR', 'WINE'})",frozenset({'BEER'}),0.02287581699346405,0.2570806100217865,0.015250544662309368,0.6666666666666667,2.593220338983051,1.0,0.00936961567488288,2.228758169934641,0.6287625418060201,0.05761316872427984,0.5513196480938417,0.3629943502824859
71,frozenset({'BEER'}),"frozenset({'NON-ALCOHOL', 'LIQUOR', 'WINE'})",0.2570806100217865,0.02287581699346405,0.015250544662309368,0.05932203389830508,2.5932203389830506,1.0,0.00936961567488288,1.038744626979921,0.8269794721407624,0.05761316872427984,0.037299472819001186,0.3629943502824859
37,"frozenset({'LIQUOR', 'WINE'})",frozenset({'NON-ALCOHOL'}),0.16666666666666666,0.05337690631808279,0.02287581699346405,0.13725490196078433,2.5714285714285716,1.0,0.013979665940450253,1.097222222222222,0.7333333333333333,0.11602209944751381,0.08860759493670887,0.28291316526610644
38,frozenset({'NON-ALCOHOL'}),"frozenset({'LIQUOR', 'WINE'})",0.05337690631808279,0.16666666666666666,0.02287581699346405,0.42857142857142855,2.5714285714285716,1.0,0.013979665940450253,1.4583333333333335,0.6455696202531646,0.11602209944751381,0.3142857142857142,0.28291316526610644
30,"frozenset({'NON-ALCOHOL', 'LIQUOR'})",frozenset({'KEGS'}),0.03159041394335512,0.13616557734204793,0.010893246187363835,0.3448275862068966,2.5324137931034483,1.0,0.006591719234292604,1.3184841187937164,0.624859392575928,0.06944444444444445,0.2415532460755751,0.2124137931034483
33,frozenset({'KEGS'}),"frozenset({'NON-ALCOHOL', 'LIQUOR'})",0.13616557734204793,0.03159041394335512,0.010893246187363835,0.08,2.5324137931034483,1.0,0.006591719234292604,1.0526191152789617,0.7005044136191677,0.06944444444444445,0.04998875140607424,0.2124137931034483
13,frozenset({'NON-ALCOHOL'}),"frozenset({'BEER', 'KEGS'})",0.05337690631808279,0.13071895424836602,0.017429193899782137,0.326530612244898,2.4979591836734696,1.0,0.010451820524869353,1.2907506436918204,0.6334867663981588,0.10457516339869283,0.2252570201012736,0.22993197278911565
8,"frozenset({'BEER', 'KEGS'})",frozenset({'NON-ALCOHOL'}),0.13071895424836602,0.05337690631808279,0.017429193899782137,0.13333333333333333,2.497959183673469,1.0,0.010451820524869353,1.0922574157868274,0.6898496240601504,0.10457516339869283,0.08446490218642118,0.22993197278911565
28,frozenset({'BEER'}),"frozenset({'NON-ALCOHOL', 'WINE'})",0.2570806100217865,0.023965141612200435,0.015250544662309368,0.05932203389830508,2.475346687211094,1.0,0.00908957143738638,1.037586606214057,0.802262253875157,0.05737704918032786,0.03622503026634382,0.3478428351309707
27,"frozenset({'NON-ALCOHOL', 'WINE'})",frozenset({'BEER'}),0.023965141612200435,0.2570806100217865,0.015250544662309368,0.6363636363636364,2.475346687211094,1.0,0.00908957143738638,2.043028322440087,0.6106505102040816,0.05737704918032786,0.5105305251932818,0.3478428351309707
35,frozenset({'LIQUOR'}),"frozenset({'KEGS', 'WINE'})",0.3159041394335512,0.0196078431372549,0.015250544662309368,0.04827586206896552,2.462068965517241,1.0,0.009056345849886797,1.0301221938050582,0.8680618744313012,0.047619047619047616,0.029241379310344828,0.41302681992337165
61,frozenset({'LIQUOR'}),"frozenset({'BEER', 'KEGS', 'WINE'})",0.3159041394335512,0.0196078431372549,0.015250544662309368,0.04827586206896552,2.462068965517241,1.0,0.009056345849886797,1.0301221938050582,0.8680618744313012,0.047619047619047616,0.029241379310344828,0.41302681992337165
52,"frozenset({'BEER', 'KEGS', 'WINE'})",frozenset({'LIQUOR'}),0.0196078431372549,0.3159041394335512,0.015250544662309368,0.7777777777777778,2.462068965517241,1.0,0.009056345849886797,3.0784313725490198,0.6057142857142859,0.047619047619047616,0.6751592356687898,0.41302681992337165
34,"frozenset({'KEGS', 'WINE'})",frozenset({'LIQUOR'}),0.0196078431372549,0.3159041394335512,0.015250544662309368,0.7777777777777778,2.462068965517241,1.0,0.009056345849886797,3.0784313725490198,0.6057142857142859,0.047619047619047616,0.6751592356687898,0.41302681992337165
2,frozenset({'NON-ALCOHOL'}),frozenset({'KEGS'}),0.05337690631808279,0.13616557734204793,0.017429193899782137,0.326530612244898,2.3980408163265308,1.0,0.010161096634247989,1.2826632336436259,0.6158659378596087,0.10126582278481015,0.2203721337210799,0.227265306122449
3,frozenset({'KEGS'}),frozenset({'NON-ALCOHOL'}),0.13616557734204793,0.05337690631808279,0.017429193899782137,0.128,2.3980408163265308,1.0,0.010161096634247989,1.0855769422957766,0.6748896595208072,0.10126582278481015,0.07883084004602993,0.227265306122449
25,frozenset({'LIQUOR'}),"frozenset({'BEER', 'WINE'})",0.3159041394335512,0.0718954248366013,0.05337690631808279,0.16896551724137931,2.3501567398119123,1.0,0.030664844005866693,1.1168063352588615,0.8397894189522943,0.15960912052117265,0.10458960660514814,0.45569487983281093
24,"frozenset({'BEER', 'WINE'})",frozenset({'LIQUOR'}),0.0718954248366013,0.3159041394335512,0.05337690631808279,0.7424242424242425,2.3501567398119123,1.0,0.030664844005866693,2.6559015763168023,0.6189997125610808,0.15960912052117265,0.6234800231615519,0.45569487983281093
18,"frozenset({'BEER', 'NON-ALCOHOL'})",frozenset({'LIQUOR'}),0.023965141612200435,0.3159041394335512,0.017429193899782137,0.7272727272727274,2.3021943573667714,1.0,0.00985850646237677,2.5083514887436467,0.5795200892857143,0.05405405405405406,0.6013317892298786,0.3912225705329154
23,frozenset({'LIQUOR'}),"frozenset({'BEER', 'NON-ALCOHOL'})",0.3159041394335512,0.023965141612200435,0.017429193899782137,0.05517241379310345,2.3021943573667714,1.0,0.00985850646237677,1.0330295946440216,0.8268312101910829,0.05405405405405406,0.03197352216748769,0.3912225705329154
20,"frozenset({'NON-ALCOHOL', 'LIQUOR'})",frozenset({'BEER'}),0.03159041394335512,0.2570806100217865,0.017429193899782137,0.5517241379310345,2.146113383985973,1.0,0.009307911012383652,1.6572817161052456,0.5514623172103487,0.06425702811244981,0.39660228536758013,0.309760374050263
21,frozenset({'BEER'}),"frozenset({'NON-ALCOHOL', 'LIQUOR'})",0.2570806100217865,0.03159041394335512,0.017429193899782137,0.06779661016949153,2.146113383985973,1.0,0.009307911012383652,1.0388393741334918,0.718841642228739,0.06425702811244981,0.03738727574307449,0.309760374050263
60,frozenset({'KEGS'}),"frozenset({'BEER', 'LIQUOR', 'WINE'})",0.13616557734204793,0.05337690631808279,0.015250544662309368,0.112,2.0982857142857143,1.0,0.00798244739677522,1.0660169973895464,0.6059268600252208,0.08750000000000001,0.06192865362485615,0.19885714285714284
53,"frozenset({'BEER', 'LIQUOR', 'WINE'})",frozenset({'KEGS'}),0.05337690631808279,0.13616557734204793,0.015250544662309368,0.2857142857142857,2.0982857142857143,1.0,0.00798244739677522,1.209368191721133,0.5529344073647872,0.08750000000000001,0.1731219600072059,0.19885714285714284
14,"frozenset({'BEER', 'WINE'})",frozenset({'KEGS'}),0.0718954248366013,0.13616557734204793,0.0196078431372549,0.27272727272727276,2.002909090909091,1.0,0.009818161106127274,1.1877723311546842,0.5395148669796558,0.10404624277456649,0.15808781382551879,0.20836363636363636
17,frozenset({'KEGS'}),"frozenset({'BEER', 'WINE'})",0.13616557734204793,0.0718954248366013,0.0196078431372549,0.144,2.0029090909090908,1.0,0.009818161106127274,1.0842343167796715,0.5796553173602355,0.10404624277456649,0.07769014084507041,0.20836363636363636
